Time, 5
0, 0
0.01, 4.983333333333333E-05
0.02, 0.00019866669159722237
0.03, 0.0004455001990416785
0.04, 0.0007893341777501441
0.05, 0.0012291692451398021
0.060000000000000005, 0.001764006410462357
0.07, 0.0023928471703056277
0.08, 0.003114693603096393
0.09, 0.003928548462605027
0.09999999999999999, 0.004833415270452546
0.10999999999999999, 0.0058282984076208025
0.11999999999999998, 0.0069122032049666144
0.12999999999999998, 0.008084136032740767
0.13999999999999999, 0.009343104389112858
0.15, 0.010688116987703073
0.16, 0.012118183844122075
0.17, 0.013632316361520251
0.18000000000000002, 0.015229527415147675
0.19000000000000003, 0.016908831435926204
0.20000000000000004, 0.01866924449303523
0.21000000000000005, 0.02050978437551268
0.22000000000000006, 0.022429470672872952
0.23000000000000007, 0.024427324854743533
0.24000000000000007, 0.026502370349522148
0.25000000000000006, 0.028653632622056356
0.26000000000000006, 0.0308801392503476
0.2700000000000001, 0.033180920001281776
0.2800000000000001, 0.03555500690538846
0.2900000000000001, 0.03800143433063105
0.3000000000000001, 0.040519239055230125
0.3100000000000001, 0.04310746033952232
0.3200000000000001, 0.04576513999685729
0.3300000000000001, 0.04849132246353514
0.34000000000000014, 0.05128505486778704
0.35000000000000014, 0.05414538709780161
0.36000000000000015, 0.05707137186879977
0.37000000000000016, 0.06006206478916094
0.38000000000000017, 0.0631165244256034
0.3900000000000002, 0.0662338123674217
0.4000000000000002, 0.06941299328978413
0.4100000000000002, 0.0726531350160935
0.4200000000000002, 0.07595330857941388
0.4300000000000002, 0.079312588282967
0.4400000000000002, 0.08273005175970123
0.45000000000000023, 0.08620478003093651
0.46000000000000024, 0.08973585756408867
0.47000000000000025, 0.09332237232947643
0.48000000000000026, 0.09696341585621467
0.49000000000000027, 0.1006580832871974
0.5000000000000002, 0.10440547343317412
0.5100000000000002, 0.10820468882592311
0.5200000000000002, 0.11205483577052544
0.5300000000000002, 0.11595502439674331
0.5400000000000003, 0.11990436870950673
0.5500000000000003, 0.12390198663851217
0.5600000000000003, 0.1279470000869372
0.5700000000000003, 0.13203853497927515
0.5800000000000003, 0.13617572130829342
0.5900000000000003, 0.1403576931811201
0.6000000000000003, 0.14458358886446232
0.6100000000000003, 0.14885255082896104
0.6200000000000003, 0.15316372579268603
0.6300000000000003, 0.15751626476377548
0.6400000000000003, 0.16190932308222458
0.6500000000000004, 0.1663420604608272
0.6600000000000004, 0.170813641025275
0.6700000000000004, 0.1753232333534186
0.6800000000000004, 0.1798700105136951
0.6900000000000004, 0.1844531501027264
0.7000000000000004, 0.18907183428209265
0.7100000000000004, 0.193725249814286
0.7200000000000004, 0.19841258809784834
0.7300000000000004, 0.2031330452016986
0.7400000000000004, 0.20788582189865326
0.7500000000000004, 0.21267012369814584
0.7600000000000005, 0.21748516087814898
0.7700000000000005, 0.2223301485163049
0.7800000000000005, 0.22720430652026818
0.7900000000000005, 0.23210685965726627
0.8000000000000005, 0.23703703758288214
0.8100000000000005, 0.2419940748690643
0.8200000000000005, 0.24697721103136885
0.8300000000000005, 0.2519856905554387
0.8400000000000005, 0.25701876292272446
0.8500000000000005, 0.26207568263545283
0.8600000000000005, 0.2671557092408465
0.8700000000000006, 0.2722581073546012
0.8800000000000006, 0.2773821466836252
0.8900000000000006, 0.28252710204804543
0.9000000000000006, 0.2876922534024861
0.9100000000000006, 0.29287688585662486
0.9200000000000006, 0.2980802896950312
0.9300000000000006, 0.3033017603962928
0.9400000000000006, 0.3085405986514346
0.9500000000000006, 0.3137961103816361
0.9600000000000006, 0.31906760675525153
0.9700000000000006, 0.32435440420413947
0.9800000000000006, 0.3296558244393053
0.9900000000000007, 0.33497119446586315
1.0000000000000007, 0.34029984659732243
1.0100000000000007, 0.34564111846920353
1.0200000000000007, 0.3509943530519889
1.0300000000000007, 0.35635889866341414
1.0400000000000007, 0.36173410898010505
1.0500000000000007, 0.3671193430485653
1.0600000000000007, 0.37251396529552083
1.0700000000000007, 0.3779173455376257
1.0800000000000007, 0.38332885899053515
1.0900000000000007, 0.3887478862773514
1.1000000000000008, 0.394173813436447
1.1100000000000008, 0.39960603192867156
1.1200000000000008, 0.4050439386439478
1.1300000000000008, 0.41048693590726076
1.1400000000000008, 0.4159344314840477
1.1500000000000008, 0.4213858385849921
1.1600000000000008, 0.426840575870229
1.1700000000000008, 0.43229806745296545
1.1800000000000008, 0.437757742902523
1.1900000000000008, 0.4432190372468068
1.2000000000000008, 0.4486813909742067
1.2100000000000009, 0.4541442500349367
1.2200000000000009, 0.4596070658418172
1.2300000000000009, 0.4650692952705061
1.2400000000000009, 0.4705304006591838
1.2500000000000009, 0.4759898498076981
1.260000000000001, 0.4814471159761742
1.270000000000001, 0.4869016778830948
1.280000000000001, 0.4923530197028568
1.290000000000001, 0.4978006310628088
1.300000000000001, 0.5032440070397761
1.310000000000001, 0.5086826481560777
1.320000000000001, 0.514116060375041
1.330000000000001, 0.5195437550960201
1.340000000000001, 0.5249652491489228
1.350000000000001, 0.5303800647882511
1.360000000000001, 0.5357877296866616
1.370000000000001, 0.5411877769280515
1.380000000000001, 0.5465797450001743
1.390000000000001, 0.5519631777867905
1.400000000000001, 0.5573376245593615
1.410000000000001, 0.5627026399682885
1.420000000000001, 0.5680577840337034
1.430000000000001, 0.5734026221358184
1.440000000000001, 0.5787367250048362
1.450000000000001, 0.5840596687104304
1.460000000000001, 0.5893710346507975
1.470000000000001, 0.5946704095412895
1.480000000000001, 0.599957385402628
1.490000000000001, 0.6052315595487106
1.500000000000001, 0.6104925345740095
1.5100000000000011, 0.6157399183405718
1.5200000000000011, 0.6209733239646238
1.5300000000000011, 0.6261923698027865
1.5400000000000011, 0.6313966794379067
1.5500000000000012, 0.6365858816645089
1.5600000000000012, 0.6417596104738735
1.5700000000000012, 0.6469175050387466
1.5800000000000012, 0.6520592096976857
1.5900000000000012, 0.6571843739390482
1.6000000000000012, 0.6622926523846256
1.6100000000000012, 0.6673837047729312
1.6200000000000012, 0.6724571959421434
1.6300000000000012, 0.6775127958127123
1.6400000000000012, 0.6825501793696338
1.6500000000000012, 0.6875690266443955
1.6600000000000013, 0.6925690226966
1.6700000000000013, 0.6975498575952721
1.6800000000000013, 0.7025112263998518
1.6900000000000013, 0.7074528291408809
1.7000000000000013, 0.7123743708003872
1.7100000000000013, 0.7172755612919706
1.7200000000000013, 0.7221561154405969
1.7300000000000013, 0.7270157529621044
1.7400000000000013, 0.7318541984424272
1.7500000000000013, 0.7366711813165409
1.7600000000000013, 0.7414664358471352
1.7700000000000014, 0.7462397011030188
1.7800000000000014, 0.7509907209372599
1.7900000000000014, 0.7557192439650695
1.8000000000000014, 0.7604250235414299
1.8100000000000014, 0.7651078177384748
1.8200000000000014, 0.7697673893226248
1.8300000000000014, 0.7744035057314832
1.8400000000000014, 0.7790159390504975
1.8500000000000014, 0.7836044659893899
1.8600000000000014, 0.788168867858363
1.8700000000000014, 0.7927089305440835
1.8800000000000014, 0.7972244444854506
1.8900000000000015, 0.8017152046491516
1.9000000000000015, 0.806181010505011
1.9100000000000015, 0.8106216660011364
1.9200000000000015, 0.8150369795388658
1.9300000000000015, 0.8194267639475219
1.9400000000000015, 0.8237908364589764
1.9500000000000015, 0.8281290186820295
1.9600000000000015, 0.8324411365766086
1.9700000000000015, 0.8367270204277911
1.9800000000000015, 0.8409865048196556
1.9900000000000015, 0.8452194286089647
2.0000000000000013, 0.8494256348986848
2.010000000000001, 0.8536049710113477
2.020000000000001, 0.8577572884622562
2.0300000000000007, 0.86188244293254
2.0400000000000005, 0.8659802942420648
2.0500000000000003, 0.8700507063221989
2.06, 0.8740935471884427
2.07, 0.8781086889129227
2.0799999999999996, 0.882096007596757
2.0899999999999994, 0.8860553833422936
2.099999999999999, 0.8899867002252281
2.109999999999999, 0.8938898462666021
2.1199999999999988, 0.8977647134046887
2.1299999999999986, 0.9016111974667677
2.1399999999999983, 0.9054291981407944
2.149999999999998, 0.9092186189469667
2.159999999999998, 0.9129793672091928
2.1699999999999977, 0.916711354026466
2.1799999999999975, 0.9204144942441467
2.1899999999999973, 0.9240887064251588
2.199999999999997, 0.9277339128211028
2.209999999999997, 0.9313500393432882
2.2199999999999966, 0.9349370155336909
2.2299999999999964, 0.9384947745358384
2.239999999999996, 0.9420232530656255
2.249999999999996, 0.9455223913820661
2.259999999999996, 0.9489921332579822
2.2699999999999956, 0.952432425950636
2.2799999999999954, 0.9558432201723073
2.289999999999995, 0.9592244700608189
2.299999999999995, 0.9625761331500159
2.3099999999999947, 0.9658981703401998
2.3199999999999945, 0.9691905458685223
2.3299999999999943, 0.9724532272793414
2.339999999999994, 0.9756861853945435
2.349999999999994, 0.9788893942838351
2.3599999999999937, 0.9820628312350059
2.3699999999999934, 0.9852064767241686
2.3799999999999932, 0.988320314385977
2.389999999999993, 0.9914043309838266
2.399999999999993, 0.9944585163800402
2.4099999999999926, 0.9974828635060413
2.4199999999999924, 1.0004773683325197
2.429999999999992, 1.0034420298395914
2.439999999999992, 1.0063768499869554
2.4499999999999917, 1.0092818336840514
2.4599999999999915, 1.0121569887602213
2.4699999999999913, 1.0150023259348764
2.479999999999991, 1.0178178587876736
2.489999999999991, 1.0206036037287056
2.4999999999999907, 1.0233595799687034
2.5099999999999905, 1.0260858094892589
2.5199999999999902, 1.0287823170130665
2.52999999999999, 1.0314491299741897
2.53999999999999, 1.0340862784883518
2.5499999999999896, 1.0366937953232571
2.5599999999999894, 1.0392717158689424
2.569999999999989, 1.041820078108163
2.579999999999989, 1.0443389225868163
2.5899999999999888, 1.0468282923844021
2.5999999999999885, 1.0492882330845281
2.6099999999999883, 1.051718792745457
2.619999999999988, 1.0541200218707016
2.629999999999988, 1.0564919733796692
2.6399999999999877, 1.0588347025783573
2.6499999999999875, 1.0611482671301038
2.6599999999999873, 1.0634327270263937
2.669999999999987, 1.0656881445577238
2.679999999999987, 1.06791458428453
2.6899999999999866, 1.0701121130081765
2.6999999999999864, 1.0722807997420123
2.709999999999986, 1.0744207156824932
2.719999999999986, 1.0765319341803772
2.7299999999999858, 1.0786145307119892
2.7399999999999856, 1.0806685828505616
2.7499999999999853, 1.082694170237651
2.759999999999985, 1.0846913745546338
2.769999999999985, 1.0866602794942826
2.7799999999999847, 1.0886009707324242
2.7899999999999845, 1.0905135358996838
2.7999999999999843, 1.0923980645533147
2.809999999999984, 1.0942546481491169
2.819999999999984, 1.0960833800134469
2.8299999999999836, 1.0978843553153186
2.8399999999999834, 1.0996576710385997
2.849999999999983, 1.1014034259543033
2.859999999999983, 1.103121720592978
2.869999999999983, 1.1048126572171968
2.8799999999999826, 1.1064763397941488
2.8899999999999824, 1.1081128739683324
2.899999999999982, 1.1097223670343543
2.909999999999982, 1.1113049279098353
2.9199999999999817, 1.1128606671084225
2.9299999999999815, 1.1143896967129134
2.9399999999999813, 1.11589213034849
2.949999999999981, 1.117368083156066
2.959999999999981, 1.1188176717657479
2.9699999999999807, 1.1202410142704131
2.9799999999999804, 1.1216382301994046
2.9899999999999802, 1.1230094404923445
2.99999999999998, 1.1243547674730683
3.00999999999998, 1.12567433482368
3.0199999999999796, 1.1269682675587305
3.0299999999999794, 1.128236691999521
3.039999999999979, 1.1294797357485316
3.049999999999979, 1.1306975276639757
3.0599999999999787, 1.1318901978344853
3.0699999999999785, 1.1330578775539228
3.0799999999999783, 1.1342006992963263
3.089999999999978, 1.135318796690984
3.099999999999978, 1.1364123044976435
3.1099999999999777, 1.137481358581856
3.1199999999999775, 1.1385260958904526
3.1299999999999772, 1.1395466544271606
3.139999999999977, 1.1405431732283553
3.149999999999977, 1.1415157923389503
3.1599999999999766, 1.1424646527884283
3.1699999999999764, 1.1433898965670122
3.179999999999976, 1.1442916666019762
3.189999999999976, 1.1451701067341022
3.1999999999999758, 1.1460253616942768
3.2099999999999755, 1.146857577080234
3.2199999999999753, 1.1476668993334433
3.229999999999975, 1.148453475716143
3.239999999999975, 1.1492174542885205
3.2499999999999747, 1.149958983886041
3.2599999999999745, 1.1506782140969232
3.2699999999999743, 1.1513752952397662
3.279999999999974, 1.1520503783413247
3.289999999999974, 1.1527036151144356
3.2999999999999736, 1.1533351579360955
3.3099999999999734, 1.153945159825691
3.319999999999973, 1.1545337744233806
3.329999999999973, 1.1551011559686317
3.3399999999999728, 1.1556474592789094
3.3499999999999726, 1.1561728397285216
3.3599999999999723, 1.1566774532276174
3.369999999999972, 1.1571614562013435
3.379999999999972, 1.1576250055691546
3.3899999999999717, 1.1580682587242814
3.3999999999999715, 1.1584913735133562
3.4099999999999713, 1.158894508216195
3.419999999999971, 1.1592778215257389
3.429999999999971, 1.1596414725281525
3.4399999999999706, 1.159985620683083
3.4499999999999704, 1.1603104258040768
3.45999999999997, 1.1606160480391572
3.46999999999997, 1.1609026478515612
3.47999999999997, 1.1611703860006366
3.4899999999999696, 1.1614194235229005
3.4999999999999694, 1.1616499217132574
3.509999999999969, 1.16186204210638
3.519999999999969, 1.1620559464582505
3.5299999999999687, 1.1622317967278628
3.5399999999999685, 1.1623897550590887
3.5499999999999683, 1.1625299837627041
3.559999999999968, 1.1626526452985784
3.569999999999968, 1.1627579022580259
3.5799999999999677, 1.1628459173463206
3.5899999999999674, 1.1629168533653722
3.5999999999999672, 1.1629708731965662
3.609999999999967, 1.163008139783766
3.619999999999967, 1.1630288161164777
3.6299999999999666, 1.1630330652131793
3.6399999999999664, 1.1630210501048117
3.649999999999966, 1.1629929338184324
3.659999999999966, 1.1629488793610334
3.6699999999999657, 1.1628890497035214
3.6799999999999655, 1.1628136077648608
3.6899999999999653, 1.1627227163963803
3.699999999999965, 1.1626165383662421
3.709999999999965, 1.1624952363440735
3.7199999999999647, 1.162358972885762
3.7299999999999645, 1.162207910418412
3.7399999999999642, 1.1620422112254654
3.749999999999964, 1.1618620374319828
3.759999999999964, 1.1616675509900887
3.7699999999999636, 1.161458913664577
3.7799999999999634, 1.1612362870186803
3.789999999999963, 1.160999832399999
3.799999999999963, 1.1607497109265927
3.8099999999999627, 1.1604860834732331
3.8199999999999625, 1.1602091106578174
3.8299999999999623, 1.1599189528279426
3.839999999999962, 1.1596157700476406
3.849999999999962, 1.1592997220842727
3.8599999999999617, 1.158970968395585
3.8699999999999615, 1.158629668116923
3.8799999999999613, 1.1582759800486047
3.889999999999961, 1.1579100626434542
3.899999999999961, 1.1575320739944928
3.9099999999999606, 1.1571421718227888
3.9199999999999604, 1.1567405134654654
3.92999999999996, 1.156327255863865
3.93999999999996, 1.1559025555518725
3.9499999999999598, 1.1554665686443935
3.9599999999999596, 1.15501945082599
3.9699999999999593, 1.1545613573396716
3.979999999999959, 1.1540924429758428
3.989999999999959, 1.1536128620614035
3.9999999999999587, 1.1531227684490064
4.009999999999959, 1.1526223155064665
4.019999999999959, 1.152111656106326
4.0299999999999585, 1.1515909426155708
4.039999999999958, 1.1510603268855002
4.049999999999958, 1.1505199602417489
4.059999999999958, 1.1499699934744605
4.069999999999958, 1.1494105768286118
4.079999999999957, 1.148841859994488
4.089999999999957, 1.1482639920983075
4.099999999999957, 1.1476771216929964
4.109999999999957, 1.1470813967491116
4.119999999999957, 1.1464769646459123
4.129999999999956, 1.1458639721625794
4.139999999999956, 1.145242565469581
4.149999999999956, 1.1446128901201862
4.159999999999956, 1.1439750910421227
4.1699999999999555, 1.143329312529381
4.179999999999955, 1.1426756982341633
4.189999999999955, 1.1420143911589744
4.199999999999955, 1.1413455336488594
4.209999999999955, 1.1406692673837806
4.2199999999999545, 1.1399857333711385
4.229999999999954, 1.1392950719384336
4.239999999999954, 1.1385974227260687
4.249999999999954, 1.137892924680291
4.259999999999954, 1.1371817160462738
4.269999999999953, 1.136463934361338
4.279999999999953, 1.1357397164483087
4.289999999999953, 1.1350091984090114
4.299999999999953, 1.1342725156179034
4.3099999999999525, 1.1335298027158418
4.319999999999952, 1.1327811936039858
4.329999999999952, 1.1320268214378333
4.339999999999952, 1.1312668186213921
4.349999999999952, 1.1305013168014824
4.3599999999999515, 1.1297304468621716
4.369999999999951, 1.1289543389193417
4.379999999999951, 1.1281731223153857
4.389999999999951, 1.127386925614034
4.399999999999951, 1.1265958765953108
4.40999999999995, 1.125800102250617
4.41999999999995, 1.124999728777942
4.42999999999995, 1.1241948815772018
4.43999999999995, 1.1233856852457011
4.4499999999999496, 1.1225722635737236
4.459999999999949, 1.1217547395402436
4.469999999999949, 1.1209332353087629
4.479999999999949, 1.1201078722232685
4.489999999999949, 1.1192787708043146
4.4999999999999485, 1.1184460507452225
4.509999999999948, 1.117609830908403
4.519999999999948, 1.1167702293217971
4.529999999999948, 1.115927363175435
4.539999999999948, 1.1150813488181126
4.549999999999947, 1.1142323017541862
4.559999999999947, 1.1133803366404809
4.569999999999947, 1.112525567283316
4.579999999999947, 1.1116681066356437
4.589999999999947, 1.1108080667943008
4.599999999999946, 1.109945558997374
4.609999999999946, 1.1090806936216762
4.619999999999946, 1.1082135801803337
4.629999999999946, 1.1073443273204835
4.6399999999999455, 1.1064730428210794
4.649999999999945, 1.1055998335908064
4.659999999999945, 1.1047248056661028
4.669999999999945, 1.1038480642092883
4.679999999999945, 1.1029697135067977
4.689999999999944, 1.10208985696752
4.699999999999944, 1.1012085971212404
4.709999999999944, 1.100326035617186
4.719999999999944, 1.0994422732226732
4.729999999999944, 1.0985574098218562
4.739999999999943, 1.0976715444145768
4.749999999999943, 1.0967847751153121
4.759999999999943, 1.095897199152222
4.769999999999943, 1.0950089128662934
4.7799999999999425, 1.0941200117105825
4.789999999999942, 1.0932305902495514
4.799999999999942, 1.0923407421585012
4.809999999999942, 1.0914505602230982
4.819999999999942, 1.0905601363389936
4.8299999999999415, 1.0896695615115357
4.839999999999941, 1.0887789258555733
4.849999999999941, 1.0878883185953503
4.859999999999941, 1.086997828064489
4.869999999999941, 1.0861075417060624
4.87999999999994, 1.0852175460727558
4.88999999999994, 1.0843279268271129
4.89999999999994, 1.08343876874187
4.90999999999994, 1.0825501557003754
4.9199999999999395, 1.0816621706970908
4.929999999999939, 1.0807748958381798
4.939999999999939, 1.0798884123421755
4.949999999999939, 1.079002800540732
4.959999999999939, 1.0781181398794557
4.9699999999999385, 1.0772345089188171
4.979999999999938, 1.0763519853351404
4.989999999999938, 1.0754706459216727
4.999999999999938, 1.07459056658973
5.009999999999938, 1.073711822369918
5.019999999999937, 1.0728344874134317
5.029999999999937, 1.0719586349934258
5.039999999999937, 1.0710843375064616
5.049999999999937, 1.0702116664740253
5.0599999999999365, 1.069340692544119
5.069999999999936, 1.068471485492922
5.079999999999936, 1.0676041142265236
5.089999999999936, 1.0667386467827236
5.099999999999936, 1.0658751503329023
5.1099999999999355, 1.0650136911839585
5.119999999999935, 1.064154334780313
5.129999999999935, 1.0632971457059788
5.139999999999935, 1.062442187686696
5.149999999999935, 1.0615895235921315
5.159999999999934, 1.0607392154381408
5.169999999999934, 1.0598913243890935
5.179999999999934, 1.0590459107602597
5.189999999999934, 1.0582030340202566
5.199999999999934, 1.057362752793557
5.209999999999933, 1.056525124863054
5.219999999999933, 1.0556902071726868
5.229999999999933, 1.054858055830121
5.239999999999933, 1.0540287261094885
5.2499999999999325, 1.05320227245418
5.259999999999932, 1.0523787484796951
5.269999999999932, 1.0515582069765441
5.279999999999932, 1.0507406999132047
5.289999999999932, 1.0499262784391306
5.299999999999931, 1.0491149928878107
5.309999999999931, 1.0483068927798809
5.319999999999931, 1.047502026826284
5.329999999999931, 1.0467004429314797
5.339999999999931, 1.045902188196703
5.34999999999993, 1.0451073089232694
5.35999999999993, 1.0443158506159276
5.36999999999993, 1.0435278579862572
5.37999999999993, 1.0427433749561128
5.3899999999999295, 1.0419624446611107
5.399999999999929, 1.0411851094541607
5.409999999999929, 1.0404114109090399
5.419999999999929, 1.0396413898240087
5.429999999999929, 1.0388750862254672
5.4399999999999284, 1.0381125393716535
5.449999999999928, 1.0373537877563805
5.459999999999928, 1.0365988691128118
5.469999999999928, 1.0358478204172759
5.479999999999928, 1.0351006778931173
5.489999999999927, 1.0343574770145854
5.499999999999927, 1.0336182525107576
5.509999999999927, 1.0328830383694987
5.519999999999927, 1.032151867841454
5.5299999999999265, 1.031424773444077
5.539999999999926, 1.030701786965688
5.549999999999926, 1.0299829394695674
5.559999999999926, 1.0292682612980784
5.569999999999926, 1.0285577820768212
5.5799999999999255, 1.0278515307188179
5.589999999999925, 1.0271495354287246
5.599999999999925, 1.0264518237070746
5.609999999999925, 1.0257584223545473
5.619999999999925, 1.0250693574762657
5.629999999999924, 1.02438465448612
5.639999999999924, 1.023704338111116
5.649999999999924, 1.02302843239575
5.659999999999924, 1.0223569607064074
5.6699999999999235, 1.0216899457357846
5.679999999999923, 1.021027409507335
5.689999999999923, 1.020369373379736
5.699999999999923, 1.0197158580513794
5.709999999999923, 1.0190668835648806
5.7199999999999225, 1.0184224693116106
5.729999999999922, 1.017782634036246
5.739999999999922, 1.017147395841338
5.749999999999922, 1.016516772191902
5.759999999999922, 1.0158907799200219
5.769999999999921, 1.0152694352294735
5.779999999999921, 1.014652753700365
5.789999999999921, 1.0140407502937903
5.799999999999921, 1.0134334393565017
5.809999999999921, 1.0128308346255939
5.81999999999992, 1.012232949233204
5.82999999999992, 1.011639795711224
5.83999999999992, 1.0110513859960262
5.84999999999992, 1.0104677314332016
5.8599999999999195, 1.0098888427823087
5.869999999999919, 1.009314730221635
5.879999999999919, 1.0087454033529668
5.889999999999919, 1.008180871206371
5.899999999999919, 1.0076211422449846
5.909999999999918, 1.0070662243698145
5.919999999999918, 1.0065161249245442
5.929999999999918, 1.0059708507003482
5.939999999999918, 1.0054304079407144
5.949999999999918, 1.004894802346272
5.959999999999917, 1.0043640390796265
5.969999999999917, 1.0038381227701982
5.979999999999917, 1.0033170575190682
5.989999999999917, 1.0028008469038265
5.9999999999999165, 1.0022894939834257
6.009999999999916, 1.001783001303036
6.019999999999916, 1.001281370898905
6.029999999999916, 1.000784604303219
6.039999999999916, 1.0002927025489654
6.0499999999999154, 0.9998056661747978
6.059999999999915, 0.9993234952299005
6.069999999999915, 0.9988461892788543
6.079999999999915, 0.9983737474065013
6.089999999999915, 0.99790616822281
6.099999999999914, 0.9974434498677381
6.109999999999914, 0.9969855900160948
6.119999999999914, 0.9965325858823999
6.129999999999914, 0.9960844342257414
6.1399999999999135, 0.9956411313546295
6.149999999999913, 0.9952026731318468
6.159999999999913, 0.9947690549792958
6.169999999999913, 0.9943402718828404
6.179999999999913, 0.9939163183971439
6.1899999999999125, 0.9934971886505017
6.199999999999912, 0.9930828763496673
6.209999999999912, 0.9926733747846731
6.219999999999912, 0.9922686768336447
6.229999999999912, 0.991868774967608
6.239999999999911, 0.9914736612552887
6.249999999999911, 0.9910833273679052
6.259999999999911, 0.9906977645839516
6.269999999999911, 0.990316963793974
6.2799999999999105, 0.9899409155053366
6.28999999999991, 0.989569609846979
6.29999999999991, 0.9892030365741639
6.30999999999991, 0.9888411850732145
6.31999999999991, 0.9884840443662417
6.3299999999999095, 0.9881316031158602
6.339999999999909, 0.9877838496298937
6.349999999999909, 0.9874407718660687
6.359999999999909, 0.9871023574366958
6.369999999999909, 0.9867685936133398
6.379999999999908, 0.9864394673314761
6.389999999999908, 0.9861149651951353
6.399999999999908, 0.9857950734815336
6.409999999999908, 0.9854797781456903
6.419999999999908, 0.9851690648250313
6.429999999999907, 0.984862918843978
6.439999999999907, 0.9845613252185224
6.449999999999907, 0.9842642686607864
6.459999999999907, 0.983971733583567
6.4699999999999065, 0.9836837041048654
6.479999999999906, 0.9834001640524003
6.489999999999906, 0.9831210969681058
6.499999999999906, 0.9828464861126125
6.509999999999906, 0.9825763144697119
6.519999999999905, 0.9823105647508044
6.529999999999905, 0.9820492193993294
6.539999999999905, 0.9817922605951792
6.549999999999905, 0.9815396702590937
6.559999999999905, 0.9812914300570383
6.569999999999904, 0.9810475214045633
6.579999999999904, 0.9808079254711444
6.589999999999904, 0.9805726231845049
6.599999999999904, 0.9803415952349193
6.6099999999999035, 0.9801148220794966
6.619999999999903, 0.9798922839464457
6.629999999999903, 0.9796739608393195
6.639999999999903, 0.9794598325412404
6.649999999999903, 0.9792498786191051
6.659999999999902, 0.9790440784277692
6.669999999999902, 0.9788424111142112
6.679999999999902, 0.9786448556216759
6.689999999999902, 0.9784513906937967
6.699999999999902, 0.9782619948786967
6.709999999999901, 0.9780766465330687
6.719999999999901, 0.9778953238262335
6.729999999999901, 0.9777180047441761
6.739999999999901, 0.977544667093561
6.7499999999999005, 0.9773752885057241
6.7599999999999, 0.977209846440643
6.7699999999999, 0.9770483181908853
6.7799999999999, 0.9768906808855334
6.7899999999999, 0.9767369114940868
6.7999999999998995, 0.9765869868303416
6.809999999999899, 0.976440883556247
6.819999999999899, 0.9762985781857383
6.829999999999899, 0.9761600470885462
6.839999999999899, 0.9760252664939835
6.849999999999898, 0.9758942124947069
6.859999999999898, 0.975766861050456
6.869999999999898, 0.9756431879917674
6.879999999999898, 0.9755231690236658
6.8899999999998975, 0.9754067797293295
6.899999999999897, 0.9752939955737332
6.909999999999897, 0.9751847919072643
6.919999999999897, 0.9750791439693166
6.929999999999897, 0.9749770268918581
6.9399999999998965, 0.9748784157029741
6.949999999999896, 0.974783285330386
6.959999999999896, 0.9746916106049444
6.969999999999896, 0.974603366264097
6.979999999999896, 0.9745185269553326
6.989999999999895, 0.9744370672395976
6.999999999999895, 0.974358961594689
7.009999999999895, 0.9742841844186214
7.019999999999895, 0.9742127100329677
7.0299999999998946, 0.9741445126861753
7.039999999999894, 0.9740795665568553
7.049999999999894, 0.9740178457570475
7.059999999999894, 0.9739593243354581
7.069999999999894, 0.9739039762806719
7.0799999999998935, 0.9738517755243395
7.089999999999893, 0.9738026959443367
7.099999999999893, 0.9737567113678991
7.109999999999893, 0.9737137955747306
7.119999999999893, 0.9736739223000844
7.129999999999892, 0.9736370652378197
7.139999999999892, 0.9736031980434301
7.149999999999892, 0.9735722943370473
7.159999999999892, 0.9735443277064175
7.169999999999892, 0.9735192717098518
7.179999999999891, 0.9734970998791497
7.189999999999891, 0.9734777857224971
7.199999999999891, 0.9734613027273369
7.209999999999891, 0.9734476243632132
7.2199999999998905, 0.9734367240845896
7.22999999999989, 0.9734285753336402
7.23999999999989, 0.973423151543015
7.24999999999989, 0.973420426138577
7.25999999999989, 0.9734203725421154
7.269999999999889, 0.9734229641740295
7.279999999999889, 0.9734281744559875
7.289999999999889, 0.9734359768135589
7.299999999999889, 0.9734463446788192
7.309999999999889, 0.9734592514929292
7.319999999999888, 0.973474670708687
7.329999999999888, 0.9734925757930536
7.339999999999888, 0.9735129402296524
7.349999999999888, 0.9735357375212413
7.3599999999998875, 0.9735609411921593
7.369999999999887, 0.9735885247907455
7.379999999999887, 0.9736184618917332
7.389999999999887, 0.9736507260986155
7.399999999999887, 0.9736852910459864
7.4099999999998865, 0.9737221304018547
7.419999999999886, 0.973761217869931
7.429999999999886, 0.9738025271918894
7.439999999999886, 0.9738460321496025
7.449999999999886, 0.9738917065673499
7.459999999999885, 0.973939524314001
7.469999999999885, 0.9739894593051712
7.479999999999885, 0.9740414855053523
7.489999999999885, 0.9740955769300167
7.4999999999998845, 0.9741517076476957
7.509999999999884, 0.9742098517820315
7.519999999999884, 0.9742699835138039
7.529999999999884, 0.9743320770829305
7.539999999999884, 0.9743961067904415
7.5499999999998835, 0.974462047000429
7.559999999999883, 0.9745298721419698
7.569999999999883, 0.9745995567110236
7.579999999999883, 0.9746710752723047
7.589999999999883, 0.974744402461129
7.599999999999882, 0.9748195129852356
7.609999999999882, 0.9748963816265821
7.619999999999882, 0.9749749832431157
7.629999999999882, 0.9750552927705189
7.6399999999998816, 0.9751372852239298
7.649999999999881, 0.9752209356996374
7.659999999999881, 0.9753062193767521
7.669999999999881, 0.9753931115188513
7.679999999999881, 0.9754815874756007
7.6899999999998805, 0.9755716226843496
7.69999999999988, 0.9756631926717032
7.70999999999988, 0.9757562730550691
7.71999999999988, 0.9758508395441802
7.72999999999988, 0.9759468679425928
7.739999999999879, 0.9760443341491606
7.749999999999879, 0.9761432141594847
7.759999999999879, 0.9762434840673392
7.769999999999879, 0.9763451200660732
7.779999999999879, 0.9764480984499888
7.789999999999878, 0.9765523956156953
7.799999999999878, 0.9766579880634397
7.809999999999878, 0.9767648523984138
7.819999999999878, 0.9768729653320379
7.8299999999998775, 0.9769823036832208
7.839999999999877, 0.977092844379597
7.849999999999877, 0.9772045644587405
7.859999999999877, 0.9773174410693558
7.869999999999877, 0.9774314514724457
7.879999999999876, 0.9775465730424564
7.889999999999876, 0.9776627832684001
7.899999999999876, 0.977780059754955
7.909999999999876, 0.9778983802235426
7.919999999999876, 0.9780177225133829
7.929999999999875, 0.9781380645825273
7.939999999999875, 0.9782593845088693
7.949999999999875, 0.9783816604911334
7.959999999999875, 0.9785048708498422
7.9699999999998745, 0.9786289940282613
7.979999999999874, 0.9787540085933232
7.989999999999874, 0.9788798932365291
7.999999999999874, 0.9790066267748301
8.009999999999874, 0.979134188151486
8.019999999999873, 0.9792625564369044
8.029999999999873, 0.9793917108294575
8.039999999999873, 0.979521630656279
8.049999999999873, 0.9796522953740395
8.059999999999873, 0.9797836845697022
8.069999999999872, 0.979915777961257
8.079999999999872, 0.980048555398435
8.089999999999872, 0.9801819968634032
8.099999999999872, 0.9803160824714375
8.109999999999872, 0.9804507924715776
8.119999999999871, 0.980586107247261
8.129999999999871, 0.9807220073169376
8.139999999999871, 0.9808584733346646
8.14999999999987, 0.9809954860906823
8.15999999999987, 0.9811330265119705
8.16999999999987, 0.9812710756627855
8.17999999999987, 0.9814096147451783
8.18999999999987, 0.9815486250994941
8.19999999999987, 0.9816880882048529
8.20999999999987, 0.9818279856796113
8.21999999999987, 0.9819682992818062
8.229999999999869, 0.9821090109095801
8.239999999999869, 0.9822501026015882
8.249999999999869, 0.9823915565373872
8.259999999999868, 0.9825333550378066
8.269999999999868, 0.9826754805653022
8.279999999999868, 0.9828179157242918
8.289999999999868, 0.9829606432614736
8.299999999999867, 0.983103646066127
8.309999999999867, 0.9832469071703968
8.319999999999867, 0.9833904097495595
8.329999999999867, 0.9835341371222736
8.339999999999867, 0.9836780727508124
8.349999999999866, 0.9838222002412811
8.359999999999866, 0.983966503343816
8.369999999999866, 0.9841109659527689
8.379999999999866, 0.9842555721068745
8.389999999999866, 0.9844003059894019
8.399999999999865, 0.98454515192829
8.409999999999865, 0.9846900943962678
8.419999999999865, 0.9848351180109585
8.429999999999865, 0.9849802075349682
8.439999999999864, 0.9851253478759597
8.449999999999864, 0.9852705240867108
8.459999999999864, 0.9854157213651574
8.469999999999864, 0.9855609250544223
8.479999999999864, 0.9857061206428286
8.489999999999863, 0.9858512937638992
8.499999999999863, 0.9859964301963413
8.509999999999863, 0.9861415158640169
8.519999999999863, 0.986286536835899
8.529999999999863, 0.9864314793260138
8.539999999999862, 0.9865763296933697
8.549999999999862, 0.986721074441871
8.559999999999862, 0.9868657002202197
8.569999999999862, 0.9870101938218033
8.579999999999862, 0.9871545421845688
8.589999999999861, 0.9872987323908841
8.599999999999861, 0.9874427516673865
8.60999999999986, 0.9875865873848181
8.61999999999986, 0.9877302270578483
8.62999999999986, 0.9878736583448844
8.63999999999986, 0.9880168690478691
8.64999999999986, 0.9881598471120662
8.65999999999986, 0.9883025806258335
8.66999999999986, 0.9884450578203852
8.67999999999986, 0.9885872670695403
8.68999999999986, 0.9887291968894611
8.699999999999859, 0.98887083593838
8.709999999999859, 0.9890121730163131
8.719999999999859, 0.9891531970647649
8.729999999999858, 0.9892938971664206
8.739999999999858, 0.9894342625448271
8.749999999999858, 0.9895742825640644
8.759999999999858, 0.9897139467284051
8.769999999999857, 0.9898532446819636
8.779999999999857, 0.9899921662083357
8.789999999999857, 0.9901307012302271
8.799999999999857, 0.9902688398090712
8.809999999999857, 0.9904065721446387
8.819999999999856, 0.9905438885746354
8.829999999999856, 0.9906807795742918
8.839999999999856, 0.9908172357559419
8.849999999999856, 0.9909532478685934
8.859999999999856, 0.9910888067974881
8.869999999999855, 0.9912239035636533
8.879999999999855, 0.9913585293234443
8.889999999999855, 0.9914926753680774
8.899999999999855, 0.991626333123155
8.909999999999854, 0.9917594941481813
8.919999999999854, 0.99189215013607
8.929999999999854, 0.9920242929126433
8.939999999999854, 0.9921559144361225
8.949999999999854, 0.9922870067966114
8.959999999999853, 0.9924175622155706
8.969999999999853, 0.9925475730452847
8.979999999999853, 0.9926770317683212
8.989999999999853, 0.9928059309969826
8.999999999999853, 0.9929342634727502
9.009999999999852, 0.9930620220657213
9.019999999999852, 0.9931891997740385
9.029999999999852, 0.9933157897233129
9.039999999999852, 0.9934417851660392
9.049999999999851, 0.9935671794810049
9.059999999999851, 0.9936919661726923
9.069999999999851, 0.9938161388706741
9.07999999999985, 0.993939691329003
9.08999999999985, 0.9940626174255939
9.09999999999985, 0.9941849111616012
9.10999999999985, 0.9943065666607894
9.11999999999985, 0.9944275781688973
9.12999999999985, 0.9945479400529972
9.13999999999985, 0.9946676468008483
9.14999999999985, 0.994786693020244
9.15999999999985, 0.9949050734383542
9.169999999999849, 0.9950227829010622
9.179999999999849, 0.9951398163722961
9.189999999999849, 0.9952561689333556
9.199999999999848, 0.9953718357822332
9.209999999999848, 0.9954868122329315
9.219999999999848, 0.9956010937147742
9.229999999999848, 0.9957146757717146
9.239999999999847, 0.9958275540616371
9.249999999999847, 0.9959397243556569
9.259999999999847, 0.9960511825374131
9.269999999999847, 0.9961619246023591
9.279999999999847, 0.9962719466570484
9.289999999999846, 0.9963812449184168
9.299999999999846, 0.9964898157130601
9.309999999999846, 0.9965976554765085
9.319999999999846, 0.9967047607524976
9.329999999999846, 0.9968111281922355
9.339999999999845, 0.9969167545536668
9.349999999999845, 0.9970216367007327
9.359999999999845, 0.9971257716026289
9.369999999999845, 0.9972291563330596
9.379999999999844, 0.9973317880694887
9.389999999999844, 0.9974336640923885
9.399999999999844, 0.997534781784485
9.409999999999844, 0.9976351386300011
9.419999999999844, 0.997734732213897
9.429999999999843, 0.9978335602211081
9.439999999999843, 0.9979316204357808
9.449999999999843, 0.9980289107405053
9.459999999999843, 0.9981254291155471
9.469999999999843, 0.9982211736380763
9.479999999999842, 0.9983161424813941
9.489999999999842, 0.9984103339141587
9.499999999999842, 0.9985037462996083
9.509999999999842, 0.9985963780947829
9.519999999999841, 0.9986882278497446
9.529999999999841, 0.9987792942067967
9.539999999999841, 0.9988695758996999
9.54999999999984, 0.9989590717528894
9.55999999999984, 0.9990477806806891
9.56999999999984, 0.9991357016865251
9.57999999999984, 0.9992228338621386
9.58999999999984, 0.9993091763867974
9.59999999999984, 0.9993947285265066
9.60999999999984, 0.9994794896332186
9.61999999999984, 0.9995634591440427
9.62999999999984, 0.9996466365804529
9.639999999999839, 0.9997290215474974
9.649999999999839, 0.9998106137330052
9.659999999999838, 0.9998914129067938
9.669999999999838, 0.9999714189198767
9.679999999999838, 1.0000506317036697
9.689999999999838, 1.000129051269198
9.699999999999838, 1.0002066777063034
9.709999999999837, 1.00028351118285
9.719999999999837, 1.0003595519439326
9.729999999999837, 1.0004348003110826
9.739999999999837, 1.000509256681476
9.749999999999837, 1.0005829215271413
9.759999999999836, 1.000655795394168
9.769999999999836, 1.000727878901914
9.779999999999836, 1.000799172742217
9.789999999999836, 1.0008696776786024
9.799999999999836, 1.0009393945454956
9.809999999999835, 1.0010083242474328
9.819999999999835, 1.001076467758273
9.829999999999835, 1.0011438261204126
9.839999999999835, 1.0012104004439986
9.849999999999834, 1.001276191906144
9.859999999999834, 1.0013412017501448
9.869999999999834, 1.0014054312846983
9.879999999999834, 1.0014688818831208
9.889999999999834, 1.001531554982569
9.899999999999833, 1.001593452083261
9.909999999999833, 1.0016545747477006
9.919999999999833, 1.0017149245999013
9.929999999999833, 1.0017745033246126
9.939999999999833, 1.0018333126665484
9.949999999999832, 1.0018913544296169
9.959999999999832, 1.0019486304761513
9.969999999999832, 1.0020051427261445
9.979999999999832, 1.002060893156483
9.989999999999831, 1.0021158838001845
9.999999999999831, 1.0021701167456376
