var_name,split_list,sub_total_sample_num,positive_sample_num,negative_sample_num,sub_total_num_percentage,positive_rate_in_sub_total,woe_list,iv_list,iv
LIMIT_BAL,"(-INF,20000.0]",2471,895,1576,0.08236666666666667,0.3622015378389316,0.6928654999869586,0.046710367157150254,0.17832042746712123
LIMIT_BAL,"(20000.0,30000.0]",1610,568,1042,0.05366666666666667,0.3527950310559006,0.6519112803447412,0.02672524264441017,0.17832042746712123
LIMIT_BAL,"(30000.0,50000.0]",3595,977,2618,0.11983333333333333,0.2717663421418637,0.2730077735798462,0.009602918871899211,0.17832042746712123
LIMIT_BAL,"(50000.0,70000.0]",1556,443,1113,0.051866666666666665,0.2847043701799486,0.3374425585058087,0.006451801333305745,0.17832042746712123
LIMIT_BAL,"(70000.0,80000.0]",1567,363,1204,0.05223333333333333,0.23165283982131463,0.05968540467153012,0.0001891649163997143,0.17832042746712123
LIMIT_BAL,"(80000.0,140000.0]",4491,1076,3415,0.1497,0.2395902916945001,0.10376003622092636,0.0016581726994202022,0.17832042746712123
LIMIT_BAL,"(140000.0,240000.0]",7643,1326,6317,0.25476666666666664,0.1734920842601073,-0.30239045671854825,0.021334869830481214,0.17832042746712123
LIMIT_BAL,"(240000.0,360000.0]",4591,694,3897,0.15303333333333333,0.1511653234589414,-0.4668032225505958,0.02904168897172901,0.17832042746712123
LIMIT_BAL,"(360000.0,+INF)",2476,294,2182,0.08253333333333333,0.11873990306946688,-0.7457301008979865,0.036606201042325696,0.17832042746712123
SEX,"(-INF,1.0]",11888,2873,9015,0.39626666666666666,0.2416722745625841,0.11515395090593507,0.005422774138995026,0.009179579035859246
SEX,"(1.0,2.0]",18112,3763,14349,0.6037333333333333,0.20776280918727916,-0.07977671829968996,0.0037568048968642208,0.009179579035859246
EDUCATION,"(-INF,1.0]",10599,2036,8563,0.3533,0.19209359373525806,-0.1777764560681515,0.010611953168794923,0.0362843855480741
EDUCATION,"(1.0,2.0]",14030,3330,10700,0.4676666666666667,0.23734853884533144,0.0914155870585923,0.004007549938437168,0.0362843855480741
EDUCATION,"(2.0,3.0]",4917,1237,3680,0.1639,0.2515761643278422,0.16846339874620386,0.004868627435992278,0.0362843855480741
EDUCATION,"(3.0,+INF)",454,33,421,0.015133333333333334,0.07268722466960352,-1.2874354755972601,0.016796255004849738,0.0362843855480741
MARRIAGE,"(-INF,1.0]",13713,3211,10502,0.4571,0.2341573689200029,0.07370372536252413,0.002533999682152041,0.005648854093842209
MARRIAGE,"(1.0,2.0]",15964,3341,12623,0.5321333333333333,0.20928338762214985,-0.07056335753712935,0.002597414865025217,0.005648854093842209
MARRIAGE,"(2.0,+INF)",323,84,239,0.010766666666666667,0.26006191950464397,0.21304102282719534,0.0005174395466649514,0.005648854093842209
AGE,"(-INF,29.0]",9618,2197,7421,0.3206,0.22842586816385943,0.04146601030568126,0.0005576158191264353,0.007733950791700712
AGE,"(29.0,35.0]",7191,1400,5791,0.2397,0.19468780419969406,-0.16114569361218078,0.005944580932289207,0.007733950791700712
AGE,"(35.0,+INF)",13191,3039,10152,0.4397,0.2303843529679327,0.05254481042771908,0.0012317540402850696,0.007733950791700712
PAY_0,"(-INF,-2.0]",2759,365,2394,0.09196666666666667,0.13229430953243929,-0.6221362964840905,0.029528023666821907,0.8739783653128863
PAY_0,"(-2.0,-1.0]",5686,954,4732,0.18953333333333333,0.16778051354203308,-0.3427524661110419,0.02014441928877883,0.8739783653128863
PAY_0,"(-1.0,0.0]",14737,1888,12849,0.49123333333333336,0.12811291307593134,-0.6590608705447762,0.1749410436214079,0.8739783653128863
PAY_0,"(0.0,1.0]",3688,1252,2436,0.12293333333333334,0.33947939262472887,0.5930719655014198,0.050058188440655065,0.8739783653128863
PAY_0,"(1.0,2.0]",2667,1844,823,0.0889,0.6914135733033371,2.065423140012592,0.5011813649341148,0.8739783653128863
PAY_0,"(2.0,+INF)",463,333,130,0.015433333333333334,0.7192224622030238,2.199294574444508,0.09812532536110787,0.8739783653128863
PAY_2,"(-INF,-2.0]",3782,691,3091,0.12606666666666666,0.18270756213643574,-0.23942300214878096,0.006744198239828771,0.5442604545006664
PAY_2,"(-2.0,-1.0]",6050,966,5084,0.20166666666666666,0.1596694214876033,-0.4020027103968497,0.02895629343296965,0.5442604545006664
PAY_2,"(-1.0,0.0]",15730,2503,13227,0.5243333333333333,0.15912269548633184,-0.40608314635264464,0.07672628911456658,0.5442604545006664
PAY_2,"(0.0,2.0]",3955,2189,1766,0.13183333333333333,0.5534766118836916,1.4734147092666419,0.374661407807037,0.5442604545006664
PAY_2,"(2.0,+INF)",483,287,196,0.0161,0.5942028985507246,1.6400543986070122,0.05717226590626434,0.5442604545006664
PAY_3,"(-INF,-2.0]",4085,757,3328,0.13616666666666666,0.18531211750305998,-0.2220764426014745,0.006299555430960642,0.4140747794233897
PAY_3,"(-2.0,-1.0]",5938,926,5012,0.19793333333333332,0.1559447625463119,-0.4300289894806746,0.03224192166630144,0.4140747794233897
PAY_3,"(-1.0,0.0]",15764,2751,13013,0.5254666666666666,0.17451154529307283,-0.2952973433365235,0.04205359354076571,0.4140747794233897
PAY_3,"(0.0,2.0]",3823,1970,1853,0.12743333333333334,0.5153021187549045,1.31991459609142,0.2871547364233054,0.4140747794233897
PAY_3,"(2.0,+INF)",390,232,158,0.013,0.5948717948717949,1.6428291406124058,0.04632497236205653,0.4140747794233897
PAY_4,"(-INF,-2.0]",4348,837,3511,0.14493333333333333,0.1925022999080037,-0.17514501083669975,0.004228651399304983,0.3633261381585188
PAY_4,"(-2.0,-1.0]",5687,904,4783,0.18956666666666666,0.1589590293652189,-0.4073067897261726,0.02789644396773778,0.3633261381585188
PAY_4,"(-1.0,0.0]",16455,3016,13439,0.5485,0.1832877544819204,-0.23554244785388423,0.028432445797279063,0.3633261381585188
PAY_4,"(0.0,2.0]",3161,1654,1507,0.10536666666666666,0.5232521354001898,1.3517626749094978,0.2497322107949585,0.3633261381585188
PAY_4,"(2.0,+INF)",349,225,124,0.011633333333333334,0.6446991404011462,1.854505478442306,0.053036386199238464,0.3633261381585188
PAY_5,"(-INF,-2.0]",4546,895,3651,0.15153333333333333,0.1968763748350198,-0.14724557518883513,0.0031504126832441574,0.3376218561900382
PAY_5,"(-2.0,-1.0]",5539,897,4642,0.18463333333333334,0.1619425889149666,-0.38515763098544586,0.024461334782051414,0.3376218561900382
PAY_5,"(-1.0,0.0]",16947,3195,13752,0.5649,0.18852894317578334,-0.20091015237395057,0.021524126290472047,0.3376218561900382
PAY_5,"(0.0,2.0]",2626,1423,1203,0.08753333333333334,0.5418888042650419,1.4266358731135886,0.23246596040772818,0.3376218561900382
PAY_5,"(2.0,+INF)",342,226,116,0.0114,0.6608187134502924,1.9256313924249704,0.056020022026542396,0.3376218561900382
PAY_6,"(-INF,-2.0]",4895,981,3914,0.16316666666666665,0.2004085801838611,-0.1250556081533095,0.0024626770221397114,0.2918168990854765
PAY_6,"(-2.0,-1.0]",5740,975,4765,0.19133333333333333,0.16986062717770034,-0.327928259662852,0.01869859146725299,0.2918168990854765
PAY_6,"(-1.0,0.0]",16286,3069,13217,0.5428666666666667,0.18844406238487044,-0.20146507527031587,0.020795619887741486,0.2918168990854765
PAY_6,"(0.0,2.0]",2766,1401,1365,0.0922,0.5065075921908894,1.2847188406853263,0.19617393703761246,0.2918168990854765
PAY_6,"(2.0,+INF)",313,210,103,0.010433333333333333,0.670926517571885,1.9710650516547454,0.05368607367072983,0.2918168990854765
BILL_AMT1,"(-INF,780.0]",4469,1104,3365,0.14896666666666666,0.24703513090176774,0.14419904947010154,0.0032214493555986165,0.018378340546571243
BILL_AMT1,"(780.0,2187.75]",1819,346,1473,0.06063333333333333,0.1902144035184167,-0.18993041642640215,0.0020713540151488068,0.018378340546571243
BILL_AMT1,"(2187.75,5975.46]",2673,556,2117,0.0891,0.20800598578376356,-0.07829984041497355,0.0005343228863983925,0.018378340546571243
BILL_AMT1,"(5975.46,12545.199999999999]",2782,608,2174,0.09273333333333333,0.21854780733285406,-0.015462063389611319,2.207466099629454e-05,0.018378340546571243
BILL_AMT1,"(12545.199999999999,18243.59]",1955,517,1438,0.06516666666666666,0.2644501278772379,0.2357214639598541,0.0038565703096126477,0.018378340546571243
BILL_AMT1,"(18243.59,25483.0]",1985,460,1525,0.06616666666666667,0.23173803526448364,0.06016395610900582,0.00024351481155193157,0.018378340546571243
BILL_AMT1,"(25483.0,34699.2]",1984,506,1478,0.06613333333333334,0.2550403225806452,0.18677870159862595,0.0024264511624719595,0.018378340546571243
BILL_AMT1,"(34699.2,52204.899999999994]",3333,728,2605,0.1111,0.21842184218421842,-0.016199803166003755,2.9024652479778423e-05,0.018378340546571243
BILL_AMT1,"(52204.899999999994,70590.77]",1860,376,1484,0.062,0.2021505376344086,-0.11422007791559731,0.000783078167233739,0.018378340546571243
BILL_AMT1,"(70590.77,90884.88]",1650,370,1280,0.055,0.22424242424242424,0.017574844719708858,1.7071344143437295e-05,0.018378340546571243
BILL_AMT1,"(90884.88,151604.14]",2800,523,2277,0.09333333333333334,0.18678571428571428,-0.21234545086181555,0.003959197633587194,0.018378340546571243
BILL_AMT1,"(151604.14,+INF)",2690,542,2148,0.08966666666666667,0.20148698884758365,-0.1183393123923502,0.0012142315473484455,0.018378340546571243
BILL_AMT2,"(-INF,316.0]",3786,874,2912,0.1262,0.23085050184891706,0.05517205026463414,0.00039004792664562083,0.018659633044395916
BILL_AMT2,"(316.0,1050.0]",1681,405,1276,0.05603333333333333,0.2409280190362879,0.11108877559531562,0.0007128362581941757,0.018659633044395916
BILL_AMT2,"(1050.0,2564.2400000000016]",1704,364,1340,0.0568,0.2136150234741784,-0.04458382135997738,0.00011149796156301207,0.018659633044395916
BILL_AMT2,"(2564.2400000000016,6277.150000000001]",2219,404,1815,0.07396666666666667,0.18206399278954483,-0.24373867245963157,0.004095676629020637,0.018659633044395916
BILL_AMT2,"(6277.150000000001,10320.550000000001]",1815,393,1422,0.0605,0.21652892561983472,-0.027322810514651793,4.482121302353375e-05,0.018659633044395916
BILL_AMT2,"(10320.550000000001,15073.34]",1507,356,1151,0.05023333333333333,0.23623092236230922,0.08523151999788034,0.000373566450915649,0.018659633044395916
BILL_AMT2,"(15073.34,21015.199999999997]",2243,587,1656,0.07476666666666666,0.26170307623718236,0.2215515987040216,0.0038945754115734354,0.018659633044395916
BILL_AMT2,"(21015.199999999997,27689.5]",1549,371,1178,0.05163333333333334,0.2395093608779858,0.10331588689787088,0.0005669702148337187,0.018659633044395916
BILL_AMT2,"(27689.5,35137.0]",1549,393,1156,0.05163333333333334,0.2537120723047127,0.17977573443451061,0.0017518434841291173,0.018659633044395916
BILL_AMT2,"(35137.0,45008.12]",1507,304,1203,0.05023333333333333,0.20172528201725282,-0.11685876489679417,0.0006636094717620058,0.018659633044395916
BILL_AMT2,"(45008.12,51259.8]",1602,384,1218,0.0534,0.2397003745318352,0.1043642864825792,0.000598499011556531,0.018659633044395916
BILL_AMT2,"(51259.8,68779.76000000001]",1794,360,1434,0.0598,0.20066889632107024,-0.12343177781681054,0.0008796881493496996,0.018659633044395916
BILL_AMT2,"(68779.76000000001,92998.54999999997]",1944,442,1502,0.0648,0.2273662551440329,0.035444213269907265,8.221154167381903e-05,0.018659633044395916
BILL_AMT2,"(92998.54999999997,157375.5]",2754,514,2240,0.0918,0.18663761801016704,-0.21332072563440158,0.00392887380381994,0.018659633044395916
BILL_AMT2,"(157375.5,+INF)",2346,485,1861,0.0782,0.20673486786018755,-0.08603320940390685,0.0005649155163350227,0.018659633044395916
BILL_AMT3,"(-INF,390.0]",4583,1080,3503,0.15276666666666666,0.23565350207287802,0.08202836481627225,0.0010513687056525917,0.01772831601082556
BILL_AMT3,"(390.0,2771.25]",2977,638,2339,0.09923333333333334,0.21430970775948943,-0.040453365403037206,0.00016056010127588597,0.01772831601082556
BILL_AMT3,"(2771.25,7543.16]",2520,450,2070,0.084,0.17857142857142858,-0.26736912573216465,0.00555750714731324,0.01772831601082556
BILL_AMT3,"(7543.16,12149.22]",1903,431,1472,0.06343333333333333,0.22648449816079874,0.030417958748545228,5.918923048802768e-05,0.01772831601082556
BILL_AMT3,"(12149.22,20110.4]",3027,758,2269,0.1009,0.25041295011562603,0.1622759925662298,0.002776579199750066,0.01772831601082556
BILL_AMT3,"(20110.4,26700.0]",1630,370,1260,0.05433333333333333,0.22699386503067484,0.033323200447768875,6.0893779167372144e-05,0.01772831601082556
BILL_AMT3,"(26700.0,35891.020000000004]",2070,541,1529,0.069,0.2613526570048309,0.21973719620792895,0.00353391569102391,0.01772831601082556
BILL_AMT3,"(35891.020000000004,47397.0]",1800,414,1386,0.06,0.23,0.050375967321125495,0.00015440017364363036,0.01772831601082556
BILL_AMT3,"(47397.0,59350.08]",1885,389,1496,0.06283333333333334,0.20636604774535808,-0.08828362084165316,0.0004776559390607437,0.01772831601082556
BILL_AMT3,"(59350.08,76777.40000000001]",1605,365,1240,0.0535,0.22741433021806853,0.03571789216068086,6.893270060001284e-05,0.01772831601082556
BILL_AMT3,"(76777.40000000001,101471.8]",1704,354,1350,0.0568,0.20774647887323944,-0.07987574603707144,0.00035431301569636715,0.01772831601082556
BILL_AMT3,"(101471.8,176413.69]",2556,483,2073,0.0852,0.18896713615023475,-0.1980482961332917,0.0031571719780055566,0.01772831601082556
BILL_AMT3,"(176413.69,+INF)",1740,363,1377,0.058,0.20862068965517241,-0.07457245775352216,0.0003158283491481558,0.01772831601082556
BILL_AMT4,"(-INF,10.599999999999909]",3874,899,2975,0.12913333333333332,0.23205988642230252,0.06197079796300919,0.000504475690401007,0.023391172987145444
BILL_AMT4,"(10.599999999999909,671.8000000000002]",1507,375,1132,0.05023333333333333,0.24883875248838752,0.15387194938455973,0.0012401077055545304,0.023391172987145444
BILL_AMT4,"(671.8000000000002,2500.0]",2327,502,1825,0.07756666666666667,0.21572840567253976,-0.03204799806634944,7.895451271217689e-05,0.023391172987145444
BILL_AMT4,"(2500.0,7660.0]",2679,450,2229,0.0893,0.167973124300112,-0.3413735694126076,0.00941891963832681,0.023391172987145444
BILL_AMT4,"(7660.0,10892.5]",1533,331,1202,0.0511,0.21591650358773645,-0.030936516948139342,4.8484137907441535e-05,0.023391172987145444
BILL_AMT4,"(10892.5,15516.0]",1533,333,1200,0.0511,0.2172211350293542,-0.023247124978857604,2.7436854225382676e-05,0.023391172987145444
BILL_AMT4,"(15516.0,22053.2]",2805,746,2059,0.0935,0.2659536541889483,0.24343698250682003,0.005913107795098066,0.023391172987145444
BILL_AMT4,"(22053.2,28279.37]",1603,369,1234,0.05343333333333333,0.23019338739862757,0.051467633390458414,0.00014356890305680442,0.023391172987145444
BILL_AMT4,"(28279.37,35324.0]",1669,423,1246,0.05563333333333333,0.2534451767525464,0.17836563969851718,0.0018573785426929793,0.023391172987145444
BILL_AMT4,"(35324.0,46885.4]",1701,371,1330,0.0567,0.21810699588477367,-0.018044960404723892,1.836977436236372e-05,0.023391172987145444
BILL_AMT4,"(46885.4,57583.0]",1570,361,1209,0.052333333333333336,0.22993630573248408,0.050016305863242405,0.00013274205415199713,0.023391172987145444
BILL_AMT4,"(57583.0,77068.72]",1722,358,1364,0.0574,0.20789779326364694,-0.07895664213705261,0.0003499549439025481,0.023391172987145444
BILL_AMT4,"(77068.72,101181.63999999998]",1590,350,1240,0.053,0.22012578616352202,-0.006246295196671517,2.0642575072016345e-06,0.023391172987145444
BILL_AMT4,"(101181.63999999998,171576.6]",2332,432,1900,0.07773333333333333,0.18524871355060035,-0.22249639421067954,0.003609386167509546,0.023391172987145444
BILL_AMT4,"(171576.6,+INF)",1555,336,1219,0.051833333333333335,0.21607717041800642,-0.029987750083650302,4.622200973658621e-05,0.023391172987145444
BILL_AMT5,"(-INF,390.0]",5190,1251,3939,0.173,0.24104046242774566,0.11170340589476413,0.0022256326212243406,0.027977048006212226
BILL_AMT5,"(390.0,2782.6000000000004]",3263,667,2596,0.10876666666666666,0.20441311676371438,-0.10024991665426643,0.0010625231505511047,0.027977048006212226
BILL_AMT5,"(2782.6000000000004,8228.68]",2670,433,2237,0.089,0.16217228464419475,-0.3834660433936455,0.01169396189361385,0.027977048006212226
BILL_AMT5,"(8228.68,12429.0]",1874,415,1459,0.06246666666666666,0.2214514407684098,0.0014591479815104736,1.3305269938543584e-07,0.027977048006212226
BILL_AMT5,"(12429.0,17577.72]",1741,422,1319,0.05803333333333333,0.24238943136128663,0.11906332632035008,0.0008498933301178189,0.027977048006212226
BILL_AMT5,"(17577.72,20100.0]",1601,427,1174,0.053366666666666666,0.26670830730793255,0.24729916570358576,0.0034863635906150375,0.027977048006212226
BILL_AMT5,"(20100.0,28357.16]",2191,524,1667,0.07303333333333334,0.23916020082154268,0.10139793627178874,0.0007720598660991613,0.027977048006212226
BILL_AMT5,"(28357.16,35540.92]",1721,444,1277,0.05736666666666667,0.2579895409645555,0.20224285716621768,0.00247768729413572,0.027977048006212226
BILL_AMT5,"(35540.92,52319.96000000001]",2549,592,1957,0.08496666666666666,0.23224794036877205,0.06302578915808008,0.00034342980947267473,0.027977048006212226
BILL_AMT5,"(52319.96000000001,77582.88]",2140,414,1726,0.07133333333333333,0.19345794392523363,-0.16900871035975554,0.0019414614802653622,0.027977048006212226
BILL_AMT5,"(77582.88,104116.46]",1614,353,1261,0.0538,0.21871127633209417,-0.014505071197817142,1.1273576708758259e-05,0.027977048006212226
BILL_AMT5,"(104116.46,165339.62]",1934,357,1577,0.06446666666666667,0.18459152016546018,-0.2268565846330677,0.0031078274058677887,0.027977048006212226
BILL_AMT5,"(165339.62,+INF)",1512,337,1175,0.0504,0.22288359788359788,0.009746719253448864,4.800934841225915e-06,0.027977048006212226
BILL_AMT6,"(-INF,441.0]",5945,1374,4571,0.19816666666666666,0.23111858704793944,0.05668124920356561,0.0006467093973348092,0.025327696085718124
BILL_AMT6,"(441.0,1263.96]",1580,311,1269,0.05266666666666667,0.19683544303797468,-0.1475043089441355,0.0010987208439780579,0.025327696085718124
BILL_AMT6,"(1263.96,2757.0]",1519,326,1193,0.050633333333333336,0.21461487820934824,-0.03864181395521771,7.479014057184353e-05,0.025327696085718124
BILL_AMT6,"(2757.0,5854.900000000001]",1693,263,1430,0.056433333333333335,0.1553455404607206,-0.43458837692832664,0.00937535491699691,0.025327696085718124
BILL_AMT6,"(5854.900000000001,12252.200000000004]",2763,564,2199,0.0921,0.20412595005428882,-0.10201660337710369,0.0009312267837737518,0.025327696085718124
BILL_AMT6,"(12252.200000000004,17105.08]",1511,367,1144,0.050366666666666664,0.242885506287227,0.12176286503163523,0.0007720000127349943,0.025327696085718124
BILL_AMT6,"(17105.08,19924.0]",1554,431,1123,0.0518,0.27734877734877733,0.30103628218651285,0.005082508544548316,0.025327696085718124
BILL_AMT6,"(19924.0,27447.98]",1938,460,1478,0.0646,0.23735810113519093,0.09146854155714257,0.0005542226905597132,0.025327696085718124
BILL_AMT6,"(27447.98,34433.44]",1862,489,1373,0.062066666666666666,0.26262083780880774,0.2262962192225132,0.003377099430791705,0.025327696085718124
BILL_AMT6,"(34433.44,51296.72999999998]",2540,591,1949,0.08466666666666667,0.2326771653543307,0.0654314396447637,0.0003690824048290131,0.025327696085718124
BILL_AMT6,"(51296.72999999998,69433.52]",1561,299,1262,0.052033333333333334,0.19154388212684176,-0.18132221065180215,0.0016241845098430327,0.025327696085718124
BILL_AMT6,"(69433.52,114557.57]",2601,572,2029,0.0867,0.21991541714725105,-0.0074722190563535126,4.8307270571272815e-06,0.025327696085718124
BILL_AMT6,"(114557.57,+INF)",2933,589,2344,0.09776666666666667,0.200818274803955,-0.12250083607829446,0.0014169656826988517,0.025327696085718124
PAY_AMT1,"(-INF,17.0]",5404,1938,3466,0.18013333333333334,0.35862324204293117,0.6773423487729091,0.09733106427046086,0.18635150586363766
PAY_AMT1,"(17.0,991.0]",2065,434,1631,0.06883333333333333,0.21016949152542372,-0.06521689556810054,0.000287436772086129,0.18635150586363766
PAY_AMT1,"(991.0,1450.0]",2623,590,2033,0.08743333333333334,0.2249332825009531,0.021541847424403994,4.081710922093427e-05,0.18635150586363766
PAY_AMT1,"(1450.0,1652.0]",1516,368,1148,0.05053333333333333,0.24274406332453827,0.12099354977036753,0.0007646407830682841,0.18635150586363766
PAY_AMT1,"(1652.0,2000.0]",2807,642,2165,0.09356666666666667,0.22871392946205915,0.043099776677088183,0.00017589495133043804,0.18635150586363766
PAY_AMT1,"(2000.0,2494.62]",1589,305,1284,0.05296666666666667,0.1919446192573946,-0.17873645380544825,0.0016077182726246535,0.18635150586363766
PAY_AMT1,"(2494.62,3082.0]",2374,512,1862,0.07913333333333333,0.21566975568660487,-0.032394687340850215,8.22933345532727e-05,0.18635150586363766
PAY_AMT1,"(3082.0,3803.16]",1513,352,1161,0.05043333333333333,0.232650363516193,0.06528139570829875,0.00021883496361759395,0.18635150586363766
PAY_AMT1,"(3803.16,4878.200000000004]",1746,338,1408,0.0582,0.19358533791523483,-0.16819241254988446,0.0015691250304494407,0.18635150586363766
PAY_AMT1,"(4878.200000000004,17451.32]",6774,1003,5771,0.2258,0.14806613522291112,-0.49116278052629314,0.04708220532437612,0.18635150586363766
PAY_AMT1,"(17451.32,+INF)",1589,154,1435,0.05296666666666667,0.09691629955947137,-0.9732799422661976,0.037191475051849936,0.18635150586363766
PAY_AMT2,"(-INF,100.0]",5696,1895,3801,0.18986666666666666,0.33268960674157305,0.5626416788387243,0.06913595756634253,0.1665492471442373
PAY_AMT2,"(100.0,696.0]",1504,336,1168,0.050133333333333335,0.22340425531914893,0.012750212427465352,8.179036354475957e-06,0.1665492471442373
PAY_AMT2,"(696.0,1191.0]",1896,437,1459,0.0632,0.23048523206751054,0.05311381071550158,0.00018092876238988024,0.1665492471442373
PAY_AMT2,"(1191.0,1600.0]",3012,761,2251,0.1004,0.25265604249667994,0.1741906077861551,0.003193388230299325,0.1665492471442373
PAY_AMT2,"(1600.0,2000.0]",2785,616,2169,0.09283333333333334,0.22118491921005387,-8.742721003511829e-05,7.095559218494552e-10,0.1665492471442373
PAY_AMT2,"(2000.0,2485.0]",1606,307,1299,0.053533333333333336,0.19115815691158156,-0.18381501648298276,0.0017160118389221491,0.1665492471442373
PAY_AMT2,"(2485.0,3500.0]",3308,734,2574,0.11026666666666667,0.2218863361547763,0.003979741698043052,1.7483791120266115e-06,0.1665492471442373
PAY_AMT2,"(3500.0,4819.810000000001]",2093,419,1674,0.06976666666666667,0.2001911132345915,-0.12641314835111694,0.0010755525775343986,0.1665492471442373
PAY_AMT2,"(4819.810000000001,6587.74]",2651,415,2236,0.08836666666666666,0.15654470011316485,-0.42547811395331847,0.0141110269761465,0.1665492471442373
PAY_AMT2,"(6587.74,9842.3]",1843,314,1529,0.06143333333333333,0.17037438958220294,-0.32428896310187877,0.0058777015166803824,0.1665492471442373
PAY_AMT2,"(9842.3,15004.24]",1662,238,1424,0.0554,0.14320096269554752,-0.5302670645073192,0.01330094226575454,0.1665492471442373
PAY_AMT2,"(15004.24,+INF)",1944,164,1780,0.0648,0.08436213991769548,-1.1258146580359296,0.05794780928514518,0.1665492471442373
PAY_AMT3,"(-INF,0.0]",5968,1931,4037,0.19893333333333332,0.32355898123324395,0.5212231924412071,0.061609292364441515,0.13721431130222167
PAY_AMT3,"(0.0,495.0]",1885,425,1460,0.06283333333333334,0.22546419098143236,0.024584624872841077,3.8236865228467585e-05,0.13721431130222167
PAY_AMT3,"(495.0,1000.0]",2941,702,2239,0.09803333333333333,0.23869432165929955,0.09883588906425843,0.000983954362671625,0.13721431130222167
PAY_AMT3,"(1000.0,1294.2200000000003]",1555,322,1233,0.051833333333333335,0.20707395498392284,-0.08396672431411062,0.00035688210148408534,0.13721431130222167
PAY_AMT3,"(1294.2200000000003,1600.0]",1906,475,1431,0.06353333333333333,0.24921301154249736,0.1558731689731493,0.0016103571087707359,0.13721431130222167
PAY_AMT3,"(1600.0,2194.0]",3069,648,2421,0.1023,0.21114369501466276,-0.059358143720188196,0.0003544724856445453,0.13721431130222167
PAY_AMT3,"(2194.0,2906.1800000000003]",1578,357,1221,0.0526,0.2262357414448669,0.02899750973072625,4.458634298384775e-05,0.13721431130222167
PAY_AMT3,"(2906.1800000000003,3280.42]",1569,266,1303,0.0523,0.16953473550031867,-0.3302409652994701,0.005179882720073522,0.13721431130222167
PAY_AMT3,"(3280.42,4574.949999999997]",2079,432,1647,0.0693,0.2077922077922078,-0.07959796731866271,0.0004293194343114696,0.13721431130222167
PAY_AMT3,"(4574.949999999997,5485.6]",1598,226,1372,0.053266666666666664,0.1414267834793492,-0.5448024355721962,0.013438178599739536,0.13721431130222167
PAY_AMT3,"(5485.6,9000.0]",2397,420,1977,0.0799,0.17521902377972465,-0.2903939205298164,0.006193001735238925,0.13721431130222167
PAY_AMT3,"(9000.0,16724.97]",1890,268,1622,0.063,0.14179894179894179,-0.5417409388326572,0.015730671760604262,0.13721431130222167
PAY_AMT3,"(16724.97,+INF)",1565,164,1401,0.05216666666666667,0.1047923322683706,-0.8863875762846168,0.03124547542102912,0.13721431130222167
PAY_AMT4,"(-INF,0.0]",6408,1993,4415,0.2136,0.3110174781523096,0.4633202385501562,0.051597938819876184,0.11576960255147234
PAY_AMT4,"(0.0,435.0]",2149,444,1705,0.07163333333333333,0.20660772452303397,-0.08680865686135236,0.0005267316072138836,0.11576960255147234
PAY_AMT4,"(435.0,900.0]",2515,610,1905,0.08383333333333333,0.24254473161033796,0.11990878489739636,0.0012455117262395999,0.11576960255147234
PAY_AMT4,"(900.0,1197.0]",2634,604,2030,0.0878,0.22930903568716782,0.04647024605066463,0.00019205639288691706,0.11576960255147234
PAY_AMT4,"(1197.0,1606.0]",1805,461,1344,0.06016666666666667,0.2554016620498615,0.18867966827837565,0.002253811516464865,0.11576960255147234
PAY_AMT4,"(1606.0,2005.0]",2192,476,1716,0.07306666666666667,0.21715328467153286,-0.023646270157667744,4.058549069373825e-05,0.11576960255147234
PAY_AMT4,"(2005.0,2716.36]",1651,327,1324,0.05503333333333333,0.1980617807389461,-0.1397653314681825,0.0010331027323468099,0.11576960255147234
PAY_AMT4,"(2716.36,3154.8]",1586,272,1314,0.052866666666666666,0.17150063051702397,-0.3163418373552002,0.004824786133896117,0.11576960255147234
PAY_AMT4,"(3154.8,4000.0]",1524,314,1210,0.0508,0.20603674540682415,-0.09029541300600637,0.00040374737761363517,0.11576960255147234
PAY_AMT4,"(4000.0,5024.0]",1848,273,1575,0.0616,0.14772727272727273,-0.4938514494166711,0.012974539782297524,0.11576960255147234
PAY_AMT4,"(5024.0,7800.0]",2012,352,1660,0.06706666666666666,0.1749502982107356,-0.2922544780527202,0.005262177667191917,0.11576960255147234
PAY_AMT4,"(7800.0,15161.050000000008]",2093,321,1772,0.06976666666666667,0.1533683707596751,-0.4497357490921214,0.012354534788869645,0.11576960255147234
PAY_AMT4,"(15161.050000000008,+INF)",1583,189,1394,0.05276666666666667,0.11939355653821858,-0.7394981150465817,0.023060078515881488,0.11576960255147234
PAY_AMT5,"(-INF,0.0]",6703,1970,4733,0.22343333333333334,0.2938982545129047,0.38216132530882274,0.036033601127500384,0.09668056235995909
PAY_AMT5,"(0.0,390.0]",1671,362,1309,0.0557,0.21663674446439257,-0.02668735038539943,3.937505748169063e-05,0.09668056235995909
PAY_AMT5,"(390.0,715.2]",1846,469,1377,0.061533333333333336,0.2540628385698808,0.18162741416544426,0.0021319953299833412,0.09668056235995909
PAY_AMT5,"(715.2,1283.8000000000002]",3764,850,2914,0.12546666666666667,0.22582359192348567,0.02664144990903933,8.97131362403105e-05,0.09668056235995909
PAY_AMT5,"(1283.8000000000002,1816.0]",1954,485,1469,0.06513333333333333,0.24820880245649948,0.1504988567254995,0.0015368491004839197,0.09668056235995909
PAY_AMT5,"(1816.0,2000.0]",1663,373,1290,0.055433333333333334,0.2242934455802766,0.01786811671506457,1.7786311631959582e-05,0.09668056235995909
PAY_AMT5,"(2000.0,2800.0]",1815,378,1437,0.0605,0.20826446280991737,-0.07673149164876286,0.00034857913474046923,0.09668056235995909
PAY_AMT5,"(2800.0,3397.0]",1842,334,1508,0.0614,0.18132464712269272,-0.24871131865317841,0.0035347366707076523,0.09668056235995909
PAY_AMT5,"(3397.0,4346.38]",1568,320,1248,0.05226666666666667,0.20408163265306123,-0.1022893169139866,0.0005312579671624588,0.09668056235995909
PAY_AMT5,"(4346.38,5100.0]",1582,242,1340,0.05273333333333333,0.1529709228824273,-0.4527998243422136,0.009456919261511541,0.09668056235995909
PAY_AMT5,"(5100.0,14281.240000000005]",3856,663,3193,0.12853333333333333,0.17193983402489627,-0.31325407916801234,0.011513230072411455,0.09668056235995909
PAY_AMT5,"(14281.240000000005,+INF)",1736,190,1546,0.057866666666666663,0.10944700460829493,-0.8377146915044164,0.031446519190103904,0.09668056235995909
PAY_AMT6,"(-INF,0.0]",7173,2078,5095,0.2391,0.2896974766485432,0.36183325834832153,0.03439945927691173,0.10313121089402558
PAY_AMT6,"(0.0,480.0]",1998,457,1541,0.0666,0.22872872872872874,0.04318371334938594,0.00012569164412279887,0.10313121089402558
PAY_AMT6,"(480.0,900.0]",2245,594,1651,0.07483333333333334,0.26458797327394207,0.2364299870731861,0.004456113008937193,0.10313121089402558
PAY_AMT6,"(900.0,1078.0]",1967,404,1563,0.06556666666666666,0.20538891713268936,-0.09426026506526432,0.000567233057055399,0.10313121089402558
PAY_AMT6,"(1078.0,1500.0]",1859,486,1373,0.06196666666666667,0.2614308768154922,0.2201423549104739,0.003185741252018165,0.10313121089402558
PAY_AMT6,"(1500.0,2000.0]",2513,559,1954,0.08376666666666667,0.2224432948666932,0.007202772116025137,4.354534484569304e-06,0.10313121089402558
PAY_AMT6,"(2000.0,2800.0]",1726,357,1369,0.05753333333333333,0.20683661645422943,-0.0854128325929556,0.00040972020074293494,0.10313121089402558
PAY_AMT6,"(2800.0,3197.48]",1512,273,1239,0.0504,0.18055555555555555,-0.25390079700426565,0.003019147512670477,0.10313121089402558
PAY_AMT6,"(3197.48,4000.0]",1524,317,1207,0.0508,0.20800524934383202,-0.07830421076306057,0.0003046756503547757,0.10313121089402558
PAY_AMT6,"(4000.0,9927.44]",4544,745,3799,0.15146666666666667,0.1639524647887324,-0.3704218230527384,0.018644866028781033,0.10313121089402558
PAY_AMT6,"(9927.44,+INF)",2939,366,2573,0.09796666666666666,0.12453215379380742,-0.6915072406716442,0.03801420872794651,0.10313121089402558
